Employee ID,Username,Password
1,username1,pw1
2,username2,pw2
3,username3,pw3
4,username4,pw4
5,username5,pw5
6,username6,pw6
7,username7,pw7
8,username8,pw8
9,username9,pw9
10,username10,pw10
11,username11,pw11
12,username12,pw12
13,username13,pw13
14,username14,pw14
15,username15,pw15
16,username16,pw16
17,username17,pw17
18,username18,pw18
19,username19,pw19
20,username20,pw20
21,username21,pw21
22,username22,pw22
23,username23,pw23
24,username24,pw24
25,username25,pw25
26,username26,pw26
27,username27,pw27
28,username28,pw28
29,username29,pw29
30,username30,pw30
31,username31,pw31
32,username32,pw32
33,username33,pw33
34,username34,pw34
